{
  "discord": {
    "token": "YOUR_DISCORD_BOT_TOKEN",
    "channel": "YOUR_CHANNEL_ID",
    "prefix": "7d!",
    "intents": ["GUILDS", "GUILD_MESSAGES", "GUILD_MEMBERS", "MESSAGE_CONTENT"]
  },
  "telnet": {
    "ip": "127.0.0.1",
    "port": 8081,
    "password": "YOUR_TELNET_PASSWORD"
  },
  "updates": {
    "enabled": true,
    "announcePublic": false,
    "checkIntervalHours": 24,
    "repo": { "author": "thecdrz", "name": "DeadLink" }
  },
  "charts": {
    "enabled": true,
    "width": 900,
    "height": 400
  }
}
